{"cameraMode":{"drawMode":0,"name":"Shaded","section":"Shading Mode"},"sceneLighting":true,"audioPlay":false,"sceneViewState":{"showFog":true,"showMaterialUpdate":false,"showSkybox":true,"showFlares":true,"showImageEffects":true,"showParticleSystems":true,"showVisualEffectGraphs":true,"m_FxEnabled":true},"in2DMode":false,"pivot":{"x":2.108915328979492,"y":1.746955394744873,"z":0.21801665425300599},"rotation":{"x":-0.0006040101870894432,"y":-0.9929797649383545,"z":0.11822234094142914,"w":-0.005065356381237507},"size":3.0652434825897219,"orthographic":true}